Workbook

Sheet Live_Demo
A1: Week 3 live threshold workbook
A3: Use this live:
A4: 1. Open the Criteria sheet.
A5: 2. Change the yellow threshold cells.
A6: 3. Watch Decision_Matrix update pass/review/fail colors.
A7: 4. Open Score_Rules and change the candidate score or failure limit.
A8: 5. Watch Variant_Scores update the status, rank, and chart.
A9: 6. Export Variant_Scores as variant_scores.csv for Grasshopper.
A11: Teaching question
A12: Which threshold is actually a design judgment rather than a fact?

Sheet Criteria
A1: criterion | B1: unit | C1: direction | D1: threshold | E1: review_margin | F1: weight | G1: discussion_prompt
A2: morning glare | B2: h/day | C2: <= | D2: 2 | E2: 0.15 | F2: 0.25 | G2: How much direct glare is acceptable before the workspace claim weakens?
A3: view openness | B3: fraction | C3: >= | D3: 0.55 | E3: 0.05 | F3: 0.2 | G3: How much visual openness must remain after shading or planting?
A4: planting depth | B4: m | C4: >= | D4: 0.8 | E4: 0.05 | F4: 0.15 | G4: What minimum soil depth makes the greenery claim credible?
A5: solar gain proxy | B5: index | C5: <= | D5: 48 | E5: 0.1 | F5: 0.25 | G5: How low must the heat proxy be before the facade strategy is worth developing?
A6: added facade depth | B6: m | C6: <= | D6: 0.75 | E6: 0.1 | F6: 0.15 | G6: How much facade depth can the project tolerate before the solution creates a new problem?

Sheet Score_Rules
A1: rule | B1: value | C1: what changes when edited
A2: candidate_min_score | B2: 80 | C2: Minimum weighted score for a variant to count as a candidate.
A3: revise_if_fail_count_at_least | B3: 2 | C3: A variant with this many failed criteria is forced to revise, even if the score looks high.
A4: review_score_floor | B4: 50 | C4: Below this score, a non-candidate is treated as revise rather than review.

Sheet Decision_Matrix
A1: variant | B1: criterion | C1: value | D1: unit | E1: source | F1: confidence | G1: direction | H1: threshold | I1: review_margin | J1: weight | K1: live_status | L1: weighted_points | M1: source_note
A2: Baseline | B2: morning glare | C2: 2.8 | D2: h/day | E2: student sun-path check | F2: medium | G2: =VLOOKUP(B2,Criteria!$A:$G,3,FALSE) | H2: =VLOOKUP(B2,Criteria!$A:$G,4,FALSE) | I2: =VLOOKUP(B2,Criteria!$A:$G,5,FALSE) | J2: =VLOOKUP(B2,Criteria!$A:$G,6,FALSE) | K2: =IF(G2="<=",IF(C2<=H2,"pass",IF(C2<=H2*(1+I2),"review","fail")),IF(C2>=H2,"pass",IF(C2>=H2*(1-I2),"review","fail"))) | L2: =IF(K2="pass",J2,IF(K2="review",J2*0.5,0)) | M2: Too much direct morning glare for desk use
A3: Baseline | B3: view openness | C3: 0.74 | D3: fraction | E3: facade elevation takeoff | F3: medium | G3: =VLOOKUP(B3,Criteria!$A:$G,3,FALSE) | H3: =VLOOKUP(B3,Criteria!$A:$G,4,FALSE) | I3: =VLOOKUP(B3,Criteria!$A:$G,5,FALSE) | J3: =VLOOKUP(B3,Criteria!$A:$G,6,FALSE) | K3: =IF(G3="<=",IF(C3<=H3,"pass",IF(C3<=H3*(1+I3),"review","fail")),IF(C3>=H3,"pass",IF(C3>=H3*(1-I3),"review","fail"))) | L3: =IF(K3="pass",J3,IF(K3="review",J3*0.5,0)) | M3: Good visual connection but no glare control
A4: Baseline | B4: planting depth | C4: 0.6 | D4: m | E4: studio section | F4: high | G4: =VLOOKUP(B4,Criteria!$A:$G,3,FALSE) | H4: =VLOOKUP(B4,Criteria!$A:$G,4,FALSE) | I4: =VLOOKUP(B4,Criteria!$A:$G,5,FALSE) | J4: =VLOOKUP(B4,Criteria!$A:$G,6,FALSE) | K4: =IF(G4="<=",IF(C4<=H4,"pass",IF(C4<=H4*(1+I4),"review","fail")),IF(C4>=H4,"pass",IF(C4>=H4*(1-I4),"review","fail"))) | L4: =IF(K4="pass",J4,IF(K4="review",J4*0.5,0)) | M4: Planter is too shallow for the stated cooling claim
A5: Baseline | B5: solar gain proxy | C5: 72 | D5: index | E5: spreadsheet proxy | F5: medium | G5: =VLOOKUP(B5,Criteria!$A:$G,3,FALSE) | H5: =VLOOKUP(B5,Criteria!$A:$G,4,FALSE) | I5: =VLOOKUP(B5,Criteria!$A:$G,5,FALSE) | J5: =VLOOKUP(B5,Criteria!$A:$G,6,FALSE) | K5: =IF(G5="<=",IF(C5<=H5,"pass",IF(C5<=H5*(1+I5),"review","fail")),IF(C5>=H5,"pass",IF(C5>=H5*(1-I5),"review","fail"))) | L5: =IF(K5="pass",J5,IF(K5="review",J5*0.5,0)) | M5: Unshaded glass keeps heat risk high
A6: Baseline | B6: added facade depth | C6: 0 | D6: m | E6: studio section | F6: high | G6: =VLOOKUP(B6,Criteria!$A:$G,3,FALSE) | H6: =VLOOKUP(B6,Criteria!$A:$G,4,FALSE) | I6: =VLOOKUP(B6,Criteria!$A:$G,5,FALSE) | J6: =VLOOKUP(B6,Criteria!$A:$G,6,FALSE) | K6: =IF(G6="<=",IF(C6<=H6,"pass",IF(C6<=H6*(1+I6),"review","fail")),IF(C6>=H6,"pass",IF(C6>=H6*(1-I6),"review","fail"))) | L6: =IF(K6="pass",J6,IF(K6="review",J6*0.5,0)) | M6: No depth conflict
A7: Deep fins | B7: morning glare | C7: 1.5 | D7: h/day | E7: proxy model | F7: medium | G7: =VLOOKUP(B7,Criteria!$A:$G,3,FALSE) | H7: =VLOOKUP(B7,Criteria!$A:$G,4,FALSE) | I7: =VLOOKUP(B7,Criteria!$A:$G,5,FALSE) | J7: =VLOOKUP(B7,Criteria!$A:$G,6,FALSE) | K7: =IF(G7="<=",IF(C7<=H7,"pass",IF(C7<=H7*(1+I7),"review","fail")),IF(C7>=H7,"pass",IF(C7>=H7*(1-I7),"review","fail"))) | L7: =IF(K7="pass",J7,IF(K7="review",J7*0.5,0)) | M7: Fins reduce glare below threshold
A8: Deep fins | B8: view openness | C8: 0.58 | D8: fraction | E8: facade elevation takeoff | F8: medium | G8: =VLOOKUP(B8,Criteria!$A:$G,3,FALSE) | H8: =VLOOKUP(B8,Criteria!$A:$G,4,FALSE) | I8: =VLOOKUP(B8,Criteria!$A:$G,5,FALSE) | J8: =VLOOKUP(B8,Criteria!$A:$G,6,FALSE) | K8: =IF(G8="<=",IF(C8<=H8,"pass",IF(C8<=H8*(1+I8),"review","fail")),IF(C8>=H8,"pass",IF(C8>=H8*(1-I8),"review","fail"))) | L8: =IF(K8="pass",J8,IF(K8="review",J8*0.5,0)) | M8: View remains acceptable
A9: Deep fins | B9: planting depth | C9: 0.8 | D9: m | E9: studio section | F9: high | G9: =VLOOKUP(B9,Criteria!$A:$G,3,FALSE) | H9: =VLOOKUP(B9,Criteria!$A:$G,4,FALSE) | I9: =VLOOKUP(B9,Criteria!$A:$G,5,FALSE) | J9: =VLOOKUP(B9,Criteria!$A:$G,6,FALSE) | K9: =IF(G9="<=",IF(C9<=H9,"pass",IF(C9<=H9*(1+I9),"review","fail")),IF(C9>=H9,"pass",IF(C9>=H9*(1-I9),"review","fail"))) | L9: =IF(K9="pass",J9,IF(K9="review",J9*0.5,0)) | M9: Meets minimum planting claim
A10: Deep fins | B10: solar gain proxy | C10: 31.3 | D10: index | E10: spreadsheet proxy | F10: medium | G10: =VLOOKUP(B10,Criteria!$A:$G,3,FALSE) | H10: =VLOOKUP(B10,Criteria!$A:$G,4,FALSE) | I10: =VLOOKUP(B10,Criteria!$A:$G,5,FALSE) | J10: =VLOOKUP(B10,Criteria!$A:$G,6,FALSE) | K10: =IF(G10="<=",IF(C10<=H10,"pass",IF(C10<=H10*(1+I10),"review","fail")),IF(C10>=H10,"pass",IF(C10>=H10*(1-I10),"review","fail"))) | L10: =IF(K10="pass",J10,IF(K10="review",J10*0.5,0)) | M10: Strongest solar reduction
A11: Deep fins | B11: added facade depth | C11: 0.9 | D11: m | E11: studio section | F11: medium | G11: =VLOOKUP(B11,Criteria!$A:$G,3,FALSE) | H11: =VLOOKUP(B11,Criteria!$A:$G,4,FALSE) | I11: =VLOOKUP(B11,Criteria!$A:$G,5,FALSE) | J11: =VLOOKUP(B11,Criteria!$A:$G,6,FALSE) | K11: =IF(G11="<=",IF(C11<=H11,"pass",IF(C11<=H11*(1+I11),"review","fail")),IF(C11>=H11,"pass",IF(C11>=H11*(1-I11),"review","fail"))) | L11: =IF(K11="pass",J11,IF(K11="review",J11*0.5,0)) | M11: Facade depth may conflict with circulation or envelope limits
A12: High greenery | B12: morning glare | C12: 2.1 | D12: h/day | E12: proxy model | F12: low | G12: =VLOOKUP(B12,Criteria!$A:$G,3,FALSE) | H12: =VLOOKUP(B12,Criteria!$A:$G,4,FALSE) | I12: =VLOOKUP(B12,Criteria!$A:$G,5,FALSE) | J12: =VLOOKUP(B12,Criteria!$A:$G,6,FALSE) | K12: =IF(G12="<=",IF(C12<=H12,"pass",IF(C12<=H12*(1+I12),"review","fail")),IF(C12>=H12,"pass",IF(C12>=H12*(1-I12),"review","fail"))) | L12: =IF(K12="pass",J12,IF(K12="review",J12*0.5,0)) | M12: Near threshold; needs better solar check
A13: High greenery | B13: view openness | C13: 0.52 | D13: fraction | E13: facade elevation takeoff | F13: medium | G13: =VLOOKUP(B13,Criteria!$A:$G,3,FALSE) | H13: =VLOOKUP(B13,Criteria!$A:$G,4,FALSE) | I13: =VLOOKUP(B13,Criteria!$A:$G,5,FALSE) | J13: =VLOOKUP(B13,Criteria!$A:$G,6,FALSE) | K13: =IF(G13="<=",IF(C13<=H13,"pass",IF(C13<=H13*(1+I13),"review","fail")),IF(C13>=H13,"pass",IF(C13>=H13*(1-I13),"review","fail"))) | L13: =IF(K13="pass",J13,IF(K13="review",J13*0.5,0)) | M13: Green layer blocks more view than intended
... A26: Compact opening | B26: added facade depth | C26: 0.5 | D26: m | E26: studio section | F26: medium | G26: =VLOOKUP(B26,Criteria!$A:$G,3,FALSE) | H26: =VLOOKUP(B26,Criteria!$A:$G,4,FALSE) | I26: =VLOOKUP(B26,Criteria!$A:$G,5,FALSE) | J26: =VLOOKUP(B26,Criteria!$A:$G,6,FALSE) | K26: =IF(G26="<=",IF(C26<=H26,"pass",IF(C26<=H26*(1+I26),"review","fail")),IF(C26>=H26,"pass",IF(C26>=H26*(1-I26),"review","fail"))) | L26: =IF(K26="pass",J26,IF(K26="review",J26*0.5,0)) | M26: Depth remains manageable

Sheet Variant_Scores
A1: variant | B1: pass_count | C1: review_count | D1: fail_count | E1: total_criteria | F1: score_pct | G1: status | H1: rank | I1: decision_note | J1: gh_action
A2: Baseline | B2: =COUNTIFS(Decision_Matrix!$A:$A,A2,Decision_Matrix!$K:$K,"pass") | C2: =COUNTIFS(Decision_Matrix!$A:$A,A2,Decision_Matrix!$K:$K,"review") | D2: =COUNTIFS(Decision_Matrix!$A:$A,A2,Decision_Matrix!$K:$K,"fail") | E2: =SUM(B2:D2) | F2: =ROUND(SUMIF(Decision_Matrix!$A:$A,A2,Decision_Matrix!$L:$L)/SUMIF(Decision_Matrix!$A:$A,A2,Decision_Matrix!$J:$J)*100,0) | G2: =IF(D2>=Score_Rules!$B$3,"revise",IF(F2>=Score_Rules!$B$2,"candidate",IF(F2>=Score_Rules!$B$4,"review","revise"))) | H2: =RANK(F2,$F$2:$F$6,0) | I2: =IF(G2="candidate","Keep as design-development candidate",IF(G2="review","Revise or defend the borderline criterion","Revise before design development")) | J2: =IF(G2="candidate","color green and keep",IF(G2="review","color amber and test revision","color red or cull from candidate set"))
A3: Deep fins | B3: =COUNTIFS(Decision_Matrix!$A:$A,A3,Decision_Matrix!$K:$K,"pass") | C3: =COUNTIFS(Decision_Matrix!$A:$A,A3,Decision_Matrix!$K:$K,"review") | D3: =COUNTIFS(Decision_Matrix!$A:$A,A3,Decision_Matrix!$K:$K,"fail") | E3: =SUM(B3:D3) | F3: =ROUND(SUMIF(Decision_Matrix!$A:$A,A3,Decision_Matrix!$L:$L)/SUMIF(Decision_Matrix!$A:$A,A3,Decision_Matrix!$J:$J)*100,0) | G3: =IF(D3>=Score_Rules!$B$3,"revise",IF(F3>=Score_Rules!$B$2,"candidate",IF(F3>=Score_Rules!$B$4,"review","revise"))) | H3: =RANK(F3,$F$2:$F$6,0) | I3: =IF(G3="candidate","Keep as design-development candidate",IF(G3="review","Revise or defend the borderline criterion","Revise before design development")) | J3: =IF(G3="candidate","color green and keep",IF(G3="review","color amber and test revision","color red or cull from candidate set"))
A4: High greenery | B4: =COUNTIFS(Decision_Matrix!$A:$A,A4,Decision_Matrix!$K:$K,"pass") | C4: =COUNTIFS(Decision_Matrix!$A:$A,A4,Decision_Matrix!$K:$K,"review") | D4: =COUNTIFS(Decision_Matrix!$A:$A,A4,Decision_Matrix!$K:$K,"fail") | E4: =SUM(B4:D4) | F4: =ROUND(SUMIF(Decision_Matrix!$A:$A,A4,Decision_Matrix!$L:$L)/SUMIF(Decision_Matrix!$A:$A,A4,Decision_Matrix!$J:$J)*100,0) | G4: =IF(D4>=Score_Rules!$B$3,"revise",IF(F4>=Score_Rules!$B$2,"candidate",IF(F4>=Score_Rules!$B$4,"review","revise"))) | H4: =RANK(F4,$F$2:$F$6,0) | I4: =IF(G4="candidate","Keep as design-development candidate",IF(G4="review","Revise or defend the borderline criterion","Revise before design development")) | J4: =IF(G4="candidate","color green and keep",IF(G4="review","color amber and test revision","color red or cull from candidate set"))
A5: Hybrid | B5: =COUNTIFS(Decision_Matrix!$A:$A,A5,Decision_Matrix!$K:$K,"pass") | C5: =COUNTIFS(Decision_Matrix!$A:$A,A5,Decision_Matrix!$K:$K,"review") | D5: =COUNTIFS(Decision_Matrix!$A:$A,A5,Decision_Matrix!$K:$K,"fail") | E5: =SUM(B5:D5) | F5: =ROUND(SUMIF(Decision_Matrix!$A:$A,A5,Decision_Matrix!$L:$L)/SUMIF(Decision_Matrix!$A:$A,A5,Decision_Matrix!$J:$J)*100,0) | G5: =IF(D5>=Score_Rules!$B$3,"revise",IF(F5>=Score_Rules!$B$2,"candidate",IF(F5>=Score_Rules!$B$4,"review","revise"))) | H5: =RANK(F5,$F$2:$F$6,0) | I5: =IF(G5="candidate","Keep as design-development candidate",IF(G5="review","Revise or defend the borderline criterion","Revise before design development")) | J5: =IF(G5="candidate","color green and keep",IF(G5="review","color amber and test revision","color red or cull from candidate set"))
A6: Compact opening | B6: =COUNTIFS(Decision_Matrix!$A:$A,A6,Decision_Matrix!$K:$K,"pass") | C6: =COUNTIFS(Decision_Matrix!$A:$A,A6,Decision_Matrix!$K:$K,"review") | D6: =COUNTIFS(Decision_Matrix!$A:$A,A6,Decision_Matrix!$K:$K,"fail") | E6: =SUM(B6:D6) | F6: =ROUND(SUMIF(Decision_Matrix!$A:$A,A6,Decision_Matrix!$L:$L)/SUMIF(Decision_Matrix!$A:$A,A6,Decision_Matrix!$J:$J)*100,0) | G6: =IF(D6>=Score_Rules!$B$3,"revise",IF(F6>=Score_Rules!$B$2,"candidate",IF(F6>=Score_Rules!$B$4,"review","revise"))) | H6: =RANK(F6,$F$2:$F$6,0) | I6: =IF(G6="candidate","Keep as design-development candidate",IF(G6="review","Revise or defend the borderline criterion","Revise before design development")) | J6: =IF(G6="candidate","color green and keep",IF(G6="review","color amber and test revision","color red or cull from candidate set"))
